Website,Carleton IP addresses,Carleton TTL,Google IP addresses,Google TTL
google.com.,142.250.190.142,61,142.250.190.142,300
akadns.net.,,-1,,-1
gstatic.com.,172.217.4.195,300,142.250.190.67,300
facebook.com.,157.240.26.35,60,157.240.26.35,60
microsoft.com.,"13.107.246.38, 13.107.213.38",3600,"13.107.213.51, 13.107.246.51",2764
akamai.com.,"23.200.133.42, 23.200.133.6",20,"23.219.89.42, 23.219.89.6",14
whatsapp.net.,157.240.26.54,60,157.240.26.54,60
apple.com.,17.253.144.10,711,17.253.144.10,111
fbcdn.net.,157.240.26.35,60,157.240.26.35,60
play.googleapis.com.,"216.239.38.223, 216.239.34.223, 216.239.32.223, 216.239.36.223",178,"216.239.36.223, 216.239.34.223, 216.239.38.223, 216.239.32.223",65
googleusercontent.com.,172.217.5.1,300,142.250.190.97,300
bing.com.,"150.171.27.10, 150.171.28.10",502,"150.171.27.10, 150.171.28.10",2384
microsoftonline.com.,,-1,,-1
doubleclick.net.,142.250.190.14,300,142.250.190.14,300
digicert.com.,"45.60.131.229, 45.60.121.229",300,"45.60.131.229, 45.60.121.229",13
akamai-zt.com.,,-1,,-1
office.com.,13.107.6.156,39,13.107.6.156,261
ytimg.com.,,-1,,-1
update.googleapis.com.,142.251.32.3,111,142.250.191.163,300
msn.com.,204.79.197.219,3600,204.79.197.219,529
googleapis.com.,142.250.190.100,300,142.250.190.132,300
www.googleapis.com.,"142.251.32.10, 142.250.191.234, 142.250.190.74, 172.217.1.106, 142.250.190.106, 142.250.191.106, 172.217.2.42, 142.250.190.42, 142.250.191.202, 142.251.34.234, 142.250.190.10, 172.217.5.10, 172.217.4.74, 142.250.191.170, 142.250.191.138, 142.250.190.138",85,"142.250.191.106, 172.217.4.202, 142.250.191.170, 172.217.4.42, 142.250.190.74, 142.250.190.138, 142.250.191.138, 142.250.191.234, 172.217.1.106, 142.250.190.106, 172.217.2.42, 142.250.190.42, 142.251.32.10, 142.250.190.10, 142.250.191.202, 142.251.34.234",300
app-measurement.com.,142.250.191.238,180,142.251.32.14,300
skype.com.,"20.76.201.171, 20.236.44.162, 20.231.239.246, 20.70.246.20, 20.112.250.133",3419,"20.236.44.162, 20.112.250.133, 20.76.201.171, 20.70.246.20, 20.231.239.246",1317
office.net.,,-1,,-1
akamai.net.,,-1,,-1
youtube.com.,172.217.4.46,6,172.217.4.206,300
windows.com.,"20.231.239.246, 20.112.250.133, 20.236.44.162, 20.76.201.171, 20.70.246.20",3600,"20.236.44.162, 20.70.246.20, 20.76.201.171, 20.112.250.133, 20.231.239.246",1176
aaplimg.com.,,-1,,-1
instagram.com.,157.240.26.174,60,157.240.26.174,60
icloud.com.,17.253.144.10,271,17.253.144.10,481
cloud.microsoft.,"20.231.239.246, 20.70.246.20, 20.112.250.133, 20.236.44.162, 20.76.201.171",300,"20.76.201.171, 20.70.246.20, 20.231.239.246, 20.236.44.162, 20.112.250.133",298
officeapps.live.com.,"52.108.8.12, 52.108.9.12",6,"52.108.9.12, 52.108.8.12",50
apple-dns.net.,,-1,,-1
safebrowsing.googleapis.com.,142.251.32.10,216,142.250.191.234,300
ntp.org.,204.93.207.22,3600,204.93.207.22,3218
optimizationguide-pa.googleapis.com.,"142.250.190.74, 142.250.191.170, 142.251.34.234, 142.251.32.10, 142.250.191.234, 142.250.191.106, 142.250.191.138, 172.217.5.10, 172.217.2.42, 172.217.4.202, 172.217.4.42, 172.217.4.74, 142.250.190.42, 142.250.190.10, 142.250.191.202, 172.217.1.106",285,"142.250.190.74, 142.250.191.106, 172.217.4.74, 142.250.191.170, 142.250.190.42, 142.250.190.106, 142.250.190.10, 142.250.191.234, 172.217.2.42, 142.250.191.202, 142.250.191.138, 142.251.32.10, 142.251.34.234, 142.250.190.138, 172.217.4.42",300
windowsupdate.com.,,-1,,-1
gvt2.com.,,-1,,-1
maersk.io.,"165.160.15.20, 165.160.13.20",300,"165.160.13.20, 165.160.15.20",300
googlevideo.com.,142.251.34.228,300,172.217.1.100,300
youtubei.googleapis.com.,"216.239.38.223, 216.239.34.223, 216.239.32.223, 216.239.36.223",108,"216.239.32.223, 216.239.36.223, 216.239.34.223, 216.239.38.223",300
clientservices.googleapis.com.,142.250.190.99,179,142.250.191.163,300
cloudflare.com.,"104.16.132.229, 104.16.133.229",300,"104.16.132.229, 104.16.133.229",300
akamaiedge.net.,,-1,,-1
esc5.net.,54.208.31.49,600,54.208.31.49,600
googlesyndication.com.,142.250.190.36,300,142.250.191.196,300
tiktokv.com.,"23.38.109.143, 23.38.109.141, 23.38.109.157, 23.38.109.132, 23.38.109.159, 23.38.109.133, 23.38.109.164, 23.38.109.142, 23.38.109.148",20,"23.11.229.184, 23.11.229.185, 23.11.229.193, 23.11.229.217, 23.11.229.160, 23.11.229.195, 23.11.229.177, 23.11.229.210, 23.11.229.216",5
windows.net.,"20.70.246.20, 20.76.201.171, 20.112.250.133, 20.231.239.246, 20.236.44.162",3600,"20.231.239.246, 20.236.44.162, 20.70.246.20, 20.112.250.133, 20.76.201.171",644
cib.com.cn.,,-1,,-1
notifications-pa.googleapis.com.,"142.250.191.138, 172.217.5.10, 142.250.190.74, 172.217.4.74, 142.250.191.202, 142.250.191.170, 142.250.190.106, 142.250.191.106, 142.251.34.234, 172.217.4.42, 172.217.4.202, 142.250.190.10, 142.251.32.10, 172.217.2.42, 142.250.191.234, 142.250.190.42",180,"172.217.1.106, 172.217.2.42, 142.250.190.10, 142.251.34.234, 142.250.191.234, 172.217.4.42, 142.250.190.106, 142.250.191.138, 142.250.191.170, 142.250.190.42, 142.251.32.10, 142.250.191.106, 142.250.190.74, 142.250.190.138, 142.250.191.202, 172.217.5.10",300
appsflyersdk.com.,"18.160.102.58, 18.160.102.127, 18.160.102.32, 18.160.102.87",60,"18.160.102.87, 18.160.102.32, 18.160.102.127, 18.160.102.58",60
amazonaws.com.,"207.171.166.22, 72.21.206.80, 72.21.210.29",900,"72.21.206.80, 207.171.166.22, 72.21.210.29",620
gvt1.com.,,-1,,-1
office365.com.,"40.112.243.53, 20.119.0.28",210,"20.119.0.28, 40.112.243.53",676
googletagmanager.com.,142.250.191.200,300,142.250.190.72,300
play-fe.googleapis.com.,142.250.190.46,104,172.217.2.46,300
login.live.com.,"40.126.28.11, 40.126.28.19, 40.126.28.23, 20.190.135.5, 20.190.135.2, 20.190.135.6, 20.190.135.16, 40.126.28.20",17,"20.190.155.131, 20.190.155.1, 20.190.155.130, 20.190.155.66, 20.190.155.2, 40.126.27.128, 40.126.27.66, 20.190.155.67",254
googleadservices.com.,142.250.190.98,300,142.250.190.2,300
akamaized.net.,,-1,,-1
adobedtm.com.,,-1,,-1
firebaselogging-pa.googleapis.com.,"142.250.190.42, 172.217.4.42, 142.250.190.138, 142.250.190.74, 172.217.2.42, 142.250.191.202, 172.217.5.10, 142.250.190.106, 142.250.191.234, 172.217.4.202, 142.251.32.10, 142.250.191.106, 142.250.191.138, 142.251.34.234, 142.250.190.10, 142.250.191.170",13,"172.217.2.42, 142.250.190.106, 142.250.190.74, 142.250.191.202, 142.251.34.234, 142.250.190.10, 142.251.32.10, 172.217.4.74, 142.250.191.170, 142.250.191.234, 142.250.190.138, 172.217.5.10, 142.250.191.106, 142.250.190.42, 142.250.191.138, 172.217.1.106",300
android.googleapis.com.,"216.239.34.223, 216.239.32.223, 216.239.36.223, 216.239.38.223",259,"216.239.32.223, 216.239.34.223, 216.239.38.223, 216.239.36.223",300
firebaseremoteconfig.googleapis.com.,"142.250.191.138, 172.217.4.202, 172.217.1.106, 142.250.190.10, 142.250.190.74, 172.217.4.42, 142.250.190.138, 142.250.191.234, 142.250.190.106, 172.217.4.74, 142.251.32.10, 172.217.2.42, 142.250.190.42, 142.250.191.106, 142.250.191.202, 142.250.191.170",5,"142.251.32.10, 172.217.4.42, 142.250.190.138, 142.250.191.202, 142.250.191.138, 142.250.191.106, 142.250.190.42, 172.217.2.42, 142.250.191.170, 172.217.4.202, 142.250.190.74, 142.250.191.234, 142.250.190.106, 142.250.190.10, 172.217.4.74",300
tiktokcdn.com.,,-1,,-1
fonts.googleapis.com.,142.250.190.106,21,142.250.190.42,300
google-analytics.com.,142.250.191.132,300,142.250.191.132,300
ggpht.com.,,-1,,-1
crashlytics.com.,216.239.32.29,300,216.239.32.29,300
content-autofill.googleapis.com.,"172.217.4.74, 172.217.4.42, 142.251.34.234, 142.250.191.138, 172.217.4.202, 142.250.191.202, 142.250.191.170, 142.250.191.106, 142.251.32.10, 142.250.190.74, 142.250.191.234, 172.217.5.10, 142.250.190.42, 142.250.190.10, 172.217.2.42, 142.250.190.138",109,"172.217.4.202, 142.250.191.202, 142.250.190.10, 142.250.190.138, 142.251.34.234, 142.250.190.42, 142.250.190.74, 172.217.4.74, 172.217.2.42, 142.250.191.170, 172.217.1.106, 142.251.32.10, 142.250.191.234, 142.250.191.138, 142.250.191.106, 142.250.190.106",300
static.microsoft.,,-1,,-1
line-apps.com.,10.233.124.212,60,10.233.124.212,60
sfx.ms.,,-1,,-1
azure.com.,"20.70.246.20, 20.112.250.133, 20.231.239.246, 20.76.201.171, 20.236.44.162",3600,"20.76.201.171, 20.231.239.246, 20.236.44.162, 20.112.250.133, 20.70.246.20",1515
prod-lt-playstoregatewayadapter-pa.googleapis.com.,"142.250.191.170, 142.250.191.138, 142.250.190.10, 142.250.190.106, 172.217.4.202, 142.250.191.106, 172.217.2.42, 142.250.190.42, 172.217.1.106, 142.251.32.10, 142.250.191.234, 142.250.190.138, 142.250.190.74, 142.250.191.202, 172.217.4.74, 142.251.34.234",183,"142.250.191.202, 142.250.191.170, 142.250.190.106, 172.217.4.202, 172.217.4.74, 172.217.5.10, 172.217.2.42, 142.250.190.74, 142.250.190.42, 142.250.191.138, 142.251.34.234, 142.250.191.106, 142.250.190.10, 142.250.191.234, 142.251.32.10, 142.250.190.138",300
fastly-edge.com.,,-1,,-1
churchofjesuschrist.org.,216.49.176.20,60,216.49.176.20,18
firebaseinstallations.googleapis.com.,"142.250.190.106, 142.251.32.10, 172.217.4.202, 142.251.34.234, 142.250.190.74, 142.250.191.138, 142.250.190.138, 142.250.191.170, 172.217.4.42, 172.217.5.10, 172.217.4.74, 142.250.191.106, 172.217.1.106, 142.250.191.202, 142.250.191.234, 172.217.2.42",57,"142.250.191.234, 142.250.191.138, 142.250.190.10, 142.251.34.234, 142.250.190.138, 172.217.4.42, 172.217.4.202, 172.217.1.106, 142.250.190.42, 142.250.191.202, 142.250.190.74, 172.217.2.42, 142.251.32.10, 142.250.191.106, 142.250.190.106, 142.250.191.170",300
geller-pa.googleapis.com.,"142.250.190.10, 142.250.191.202, 142.250.190.42, 142.250.191.138, 142.250.190.74, 172.217.1.106, 142.250.190.138, 142.250.191.170, 172.217.4.202, 142.250.190.106, 142.250.191.106, 142.251.34.234, 172.217.2.42, 142.251.32.10, 142.250.191.234, 172.217.4.74",2,"142.250.190.10, 142.250.190.42, 142.250.190.138, 142.250.191.202, 142.250.191.106, 172.217.4.74, 172.217.4.42, 142.251.32.10, 142.250.191.170, 142.250.191.234, 172.217.2.42, 142.250.190.106, 142.251.34.234, 172.217.4.202, 142.250.190.74, 142.250.191.138",300
zscalertwo.net.,,-1,,-1
qq.com.,"203.205.254.157, 113.108.81.189, 123.150.76.218",600,"123.150.76.218, 113.108.81.189, 203.205.254.157",275
aa-rt.sharepoint.com.,,-1,,-1
people-pa.googleapis.com.,"142.250.191.202, 142.250.191.234, 172.217.4.74, 172.217.2.42, 142.250.190.10, 172.217.5.10, 142.250.190.42, 142.250.191.170, 142.250.190.106, 142.250.190.138, 142.251.34.234, 142.251.32.10, 142.250.191.106, 142.250.190.74, 142.250.191.138, 172.217.4.42",18,"172.217.2.42, 142.250.191.202, 142.250.191.106, 142.251.34.234, 142.251.32.10, 142.250.190.10, 142.250.191.234, 172.217.4.202, 142.250.191.170, 142.250.191.138, 172.217.4.42, 142.250.190.74, 172.217.1.106, 142.250.190.138, 142.250.190.106, 142.250.190.42",300
whatsapp.com.,157.240.26.54,60,157.240.26.54,60
app-analytics-services.com.,142.250.191.174,46,142.251.34.238,300
android.com.,142.250.190.4,300,142.250.190.132,300
cdn-apple.com.,,-1,,-1
sentry.io.,35.186.247.156,815,35.186.247.156,2671
playstoregatewayadapter-pa.googleapis.com.,"142.250.190.74, 142.250.191.106, 142.250.191.138, 142.250.191.170, 142.250.190.42, 142.250.191.234, 142.251.32.10, 172.217.1.106, 172.217.4.202, 172.217.4.42, 142.250.190.138, 142.250.191.202, 142.250.190.106, 142.250.190.10",181,"172.217.2.42, 142.250.191.138, 142.250.191.170, 172.217.4.202, 142.250.190.42, 142.250.191.234, 142.251.34.234, 142.250.190.138, 142.250.191.106, 142.250.190.10, 142.251.32.10, 142.250.190.74, 142.250.191.202, 142.250.190.106, 172.217.4.74, 172.217.1.106",300
yahoo.com.,"74.6.143.26, 98.137.11.164, 98.137.11.163, 74.6.231.21, 74.6.231.20, 74.6.143.25",832,"74.6.231.20, 74.6.231.21, 74.6.143.26, 74.6.143.25, 98.137.11.163, 98.137.11.164",1693
live.com.,204.79.197.212,2261,204.79.197.212,3006
discover-pa.googleapis.com.,"142.250.190.106, 142.250.191.170, 142.250.190.138, 172.217.4.74, 142.250.190.42, 172.217.1.106, 142.250.191.202, 172.217.2.42, 172.217.5.10, 142.250.190.74, 142.250.191.138, 142.250.190.10, 142.251.32.10, 172.217.4.202, 142.250.191.234, 142.251.34.234",106,"142.250.190.106, 172.217.4.202, 142.250.191.234, 142.250.191.202, 142.250.191.138, 172.217.1.106, 142.250.191.170, 172.217.4.42, 172.217.5.10, 142.250.190.74, 172.217.2.42, 142.250.190.138, 142.250.191.106, 142.251.32.10, 142.250.190.42, 142.250.190.10",300
cloudsink.net.,,-1,,-1
spot-pa.googleapis.com.,"142.250.190.42, 142.250.191.106, 172.217.4.42, 142.250.190.74, 172.217.4.202, 142.251.34.234, 172.217.1.106, 142.250.191.138, 172.217.5.10, 172.217.4.74, 142.250.191.202, 142.250.191.234, 172.217.2.42, 142.250.191.170, 142.251.32.10, 142.250.190.10",134,"142.250.191.138, 142.250.191.170, 172.217.4.42, 142.250.190.42, 172.217.2.42, 172.217.5.10, 172.217.1.106, 142.250.191.106, 142.250.190.10, 142.250.191.202, 142.250.190.74, 142.251.34.234, 172.217.4.74, 172.217.4.202, 142.250.190.138, 142.250.190.106",300
pki.goog.,216.239.32.29,300,216.239.32.29,117
scorecardresearch.com.,165.193.78.252,3600,165.193.78.252,500
taskassist-pa.googleapis.com.,"172.217.5.10, 142.250.190.10, 142.250.191.170, 142.251.34.234, 142.250.190.138, 142.250.190.42, 142.250.191.234, 142.250.190.74, 172.217.2.42, 172.217.4.74, 172.217.1.106, 172.217.4.42, 142.250.191.138, 142.250.191.106, 142.251.32.10, 142.250.190.106",102,"142.251.32.10, 142.250.190.74, 142.250.191.170, 172.217.4.74, 142.250.191.234, 172.217.1.106, 142.250.191.138, 142.250.190.10, 172.217.2.42, 142.250.191.106, 142.250.190.106, 172.217.4.42, 172.217.4.202, 142.250.191.202, 142.250.190.42, 142.251.34.234",300
azureedge.net.,,-1,,-1
firebaselogging.googleapis.com.,"216.239.32.223, 216.239.34.223, 216.239.38.223, 216.239.36.223",108,"216.239.36.223, 216.239.38.223, 216.239.32.223, 216.239.34.223",300
outlook.com.,"52.96.91.34, 52.96.222.226, 52.96.229.242, 52.96.222.194, 52.96.214.50, 52.96.111.82, 52.96.223.2, 52.96.228.130, 52.96.172.98",300,"52.96.222.194, 52.96.214.50, 52.96.91.34, 52.96.111.82, 52.96.223.2, 52.96.222.226, 52.96.229.242, 52.96.228.130, 52.96.172.98",298
paypal.com.,"151.101.195.1, 162.159.141.96, 151.101.3.1",300,"162.159.141.96, 151.101.3.1, 151.101.195.1",92
moba.net.,95.170.74.97,14400,95.170.74.97,2818
dell.com.,"143.166.136.12, 143.166.30.172",600,"143.166.136.12, 143.166.30.172",396
lencr.org.,"18.208.88.157, 98.84.224.111",90,"98.84.224.111, 18.208.88.157",114
cdninstagram.com.,,-1,,-1
exp-tas.com.,,-1,,-1
demdex.net.,,-1,,-1
facebook.net.,,-1,,-1
samsung.com.,211.45.27.231,300,211.45.27.231,300
linkedin.com.,150.171.22.12,133,150.171.22.12,300
mzstatic.com.,17.253.142.4,2463,17.253.142.4,625
qualys.eu.,"162.159.153.243, 162.159.152.21",300,"162.159.153.243, 162.159.152.21",300
g.live.com.,"13.107.213.38, 13.107.246.38",52,"13.107.213.38, 13.107.246.38",46
googletagservices.com.,,-1,,-1
oauthaccountmanager.googleapis.com.,"142.250.190.138, 142.250.191.234, 142.250.191.106, 142.251.34.234, 142.250.191.138, 172.217.1.106, 172.217.5.10, 142.250.191.202, 142.250.190.74, 172.217.4.74, 172.217.2.42, 142.251.32.10, 142.250.190.42, 142.250.190.106, 142.250.191.170, 142.250.190.10",36,"142.250.190.106, 142.250.191.202, 172.217.5.10, 142.250.191.138, 172.217.2.42, 142.250.190.138, 142.250.190.74, 142.250.191.234, 172.217.1.106, 142.250.190.10, 142.250.190.42, 142.251.32.10, 142.251.34.234, 142.250.191.106, 172.217.4.202, 142.250.191.170",300
applovin.com.,34.54.184.105,120,34.54.184.105,120
searchnotifications-pa.googleapis.com.,"172.217.5.10, 142.250.191.106, 142.250.191.170, 172.217.4.42, 142.250.190.138, 172.217.4.202, 142.250.190.10, 172.217.1.106, 142.250.191.202, 142.251.34.234, 172.217.2.42, 142.250.190.74, 142.250.190.42, 142.251.32.10, 142.250.191.234, 142.250.190.106",56,"172.217.4.202, 142.250.190.138, 142.250.191.138, 142.250.190.106, 172.217.2.42, 172.217.1.106, 172.217.4.74, 142.251.32.10, 142.250.190.74, 142.250.191.234, 142.250.191.170, 142.250.190.10, 142.251.34.234, 142.250.191.106, 142.250.190.42, 142.250.191.202",300
adtrafficquality.google.,142.250.191.196,300,142.250.190.4,300
amazon-adsystem.com.,"52.200.46.40, 52.205.243.115, 54.145.59.57",900,"52.205.243.115, 54.145.59.57, 52.200.46.40",247
pangle.io.,,-1,,-1
criteo.com.,23.185.0.4,60,23.185.0.4,60
appcenter.ms.,"13.107.246.38, 13.107.213.38",3600,"13.107.213.51, 13.107.246.51",1563
adnxs.com.,"68.67.181.102, 68.67.160.137, 68.67.179.153, 68.67.181.211, 68.67.160.132, 68.67.179.89, 68.67.179.155, 68.67.160.114, 68.67.181.231, 68.67.179.164, 68.67.160.76, 68.67.160.26",120,"104.254.151.36, 104.254.148.252, 104.254.151.60, 104.254.150.241, 104.254.151.68, 104.254.151.69, 104.254.148.251",3
safebrowsing.apple.,,-1,,-1
fnop.net.,64.68.202.11,900,64.68.202.11,900
svc.ms.,,-1,,-1
ipv4only.arpa.,"192.0.0.170, 192.0.0.171",58166,"192.0.0.170, 192.0.0.171",8490
vungle.com.,"141.193.213.11, 141.193.213.10",300,"141.193.213.11, 141.193.213.10",300
samsungcloud.com.,,-1,,-1
apple.map.fastly.net.,151.101.151.6,60,"151.101.195.6, 151.101.3.6, 151.101.67.6, 151.101.131.6",60
peoplestack-pa.googleapis.com.,"142.250.191.106, 142.250.190.10, 142.250.191.202, 172.217.4.74, 172.217.2.42, 172.217.1.106, 142.250.190.138, 172.217.4.202, 142.250.191.234, 142.251.32.10, 142.250.191.170, 142.250.191.138, 142.250.190.42, 142.250.190.74, 142.250.190.106, 172.217.5.10",47,"142.250.190.10, 172.217.1.106, 142.250.191.106, 142.250.190.138, 142.250.191.202, 142.250.191.234, 142.250.190.42, 142.250.191.170, 142.250.191.138, 172.217.4.74, 172.217.4.42, 172.217.5.10, 172.217.2.42, 142.250.190.74, 142.251.34.234, 142.250.190.106",300
taboola.com.,"151.101.66.132, 151.101.130.132, 151.101.194.132, 151.101.2.132",600,"151.101.130.132, 151.101.194.132, 151.101.2.132, 151.101.66.132",323
msedge.net.,204.79.197.197,60,204.79.197.197,21
alssys.vn.,144.48.22.40,360,144.48.22.40,360
spotify.com.,35.186.224.24,300,35.186.224.24,138
meetings.googleapis.com.,"142.250.190.42, 142.250.191.170, 172.217.5.10, 142.250.191.106, 142.250.191.234, 142.251.34.234, 142.251.32.10, 172.217.2.42, 142.250.190.106, 142.250.190.10, 172.217.4.202, 172.217.4.42, 142.250.191.138, 142.250.191.202, 172.217.4.74, 142.250.190.74",213,"142.250.191.106, 172.217.2.42, 142.250.190.106, 142.250.191.170, 142.250.190.42, 172.217.4.74, 142.250.191.138, 142.250.191.202, 142.250.191.234, 142.250.190.10, 172.217.5.10, 142.250.190.74, 142.251.32.10, 142.251.34.234, 172.217.1.106, 142.250.190.138",300
inmobi.com.,35.212.28.75,30,35.212.28.75,30
msftconnecttest.com.,,-1,,-1
maersk.net.,"203.156.12.154, 165.160.13.20, 165.160.15.20",300,"165.160.15.20, 203.156.12.154, 165.160.13.20",300
ampproject.org.,172.217.2.46,300,172.217.4.46,300
3gppnetwork.org.,,-1,,-1
cloudflare.net.,"104.16.208.90, 104.17.156.85",300,"104.16.208.90, 104.17.156.85",300
illusionblack.com.,,-1,,-1
i18n-pglstatp.com.,,-1,,-1
akamaihd.net.,,-1,,-1
branch.io.,"18.160.181.8, 18.160.181.2, 18.160.181.53, 18.160.181.9",60,"18.160.181.9, 18.160.181.53, 18.160.181.2, 18.160.181.8",60
adobe.com.,"23.59.169.137, 23.59.169.142",20,"23.59.169.137, 23.59.169.142",20
crashlyticsreports-pa.googleapis.com.,142.250.191.131,228,142.250.190.99,300
xgapromomanager-pa.googleapis.com.,"142.250.191.138, 142.250.191.234, 172.217.4.202, 142.251.34.234, 172.217.1.106, 142.250.191.202, 142.250.191.106, 142.250.190.74, 142.251.32.10, 172.217.4.74, 142.250.190.106, 172.217.2.42, 142.250.190.10, 142.250.190.138, 142.250.191.170, 142.250.190.42",6,"172.217.1.106, 142.251.32.10, 142.250.190.42, 172.217.4.74, 142.250.191.202, 142.250.190.138, 142.250.191.234, 172.217.5.10, 142.250.191.170, 142.250.190.10, 142.250.191.106, 142.250.190.74, 172.217.4.202, 142.250.191.138, 142.250.190.106",300
pubmatic.com.,"18.160.225.96, 18.160.225.91, 18.160.225.16, 18.160.225.53",60,"108.156.201.109, 108.156.201.106, 108.156.201.48, 108.156.201.10",10
nelreports.net.,,-1,,-1
rubiconproject.com.,69.194.143.123,150,69.194.143.123,150
adsrvr.org.,"3.170.103.25, 3.170.103.29, 3.170.103.117, 3.170.103.83",13,"108.138.64.80, 108.138.64.48, 108.138.64.93, 108.138.64.103",24
unity3d.com.,23.2.131.38,20,23.2.131.38,20
shopeemobile.com.,147.136.141.130,900,147.136.141.130,900
azurefd.net.,,-1,,-1
proactivebackend-pa.googleapis.com.,"142.250.190.10, 142.250.191.170, 142.250.191.138, 142.250.190.42, 142.250.190.106, 142.251.34.234, 142.250.191.202, 172.217.5.10, 142.251.32.10, 172.217.4.202, 142.250.191.106, 172.217.4.74, 142.250.190.74, 172.217.2.42, 142.250.191.234, 142.250.190.138",126,"172.217.2.42, 172.217.4.74, 172.217.5.10, 142.250.190.74, 142.250.191.106, 142.251.34.234, 142.250.190.10, 142.250.191.202, 142.250.190.106, 142.250.190.42, 142.250.190.138, 142.251.32.10, 142.250.191.170, 172.217.4.42, 142.250.191.138, 142.250.191.234",300
netflix.com.,"54.160.93.182, 3.225.92.8, 3.211.157.115",20,"54.237.226.164, 3.230.129.93, 52.3.144.142",60
playatoms-pa.googleapis.com.,"142.250.191.234, 142.250.191.138, 142.250.190.42, 142.250.191.106, 172.217.2.42, 142.251.32.10, 172.217.4.202, 172.217.4.74, 142.250.190.74, 142.250.191.202, 142.250.191.170, 172.217.4.42, 172.217.1.106, 142.251.34.234, 172.217.5.10, 142.250.190.10",233,"142.250.190.106, 142.251.34.234, 142.250.191.234, 142.250.190.10, 142.251.32.10, 142.250.190.42, 172.217.2.42, 142.250.191.138, 142.250.191.170, 172.217.5.10, 142.250.191.106, 142.250.190.74, 172.217.4.42, 172.217.1.106, 142.250.190.138, 142.250.191.202",300
zscaler.com.,"52.10.132.43, 52.34.226.155",300,"52.34.226.155, 52.10.132.43",300
damco.com.,204.74.99.103,300,204.74.99.103,300
taobao.com.,"59.82.44.240, 59.82.43.238, 59.82.43.234, 59.82.121.163, 59.82.122.165, 59.82.43.239, 59.82.122.130, 59.82.122.140",300,"59.82.43.239, 59.82.43.234, 59.82.121.163, 59.82.44.240, 59.82.43.238, 59.82.122.165, 59.82.122.140, 59.82.122.130",300
firebaseremoteconfigrealtime.googleapis.com.,"172.217.1.106, 142.250.190.42, 142.250.190.138, 142.250.190.10, 172.217.5.10, 142.250.191.106, 142.250.190.74, 172.217.2.42, 142.250.191.202, 172.217.4.202, 142.250.191.170, 172.217.4.74, 142.250.191.234, 142.250.191.138, 142.251.32.10, 142.250.190.106",29,"142.250.190.106, 142.250.190.10, 172.217.4.74, 142.250.191.106, 172.217.4.202, 172.217.1.106, 142.250.190.42, 142.251.32.10, 142.250.191.170, 172.217.2.42, 142.250.191.138, 142.250.190.138, 172.217.4.42, 142.250.190.74, 142.250.191.202, 142.250.191.234",300
zdxcloud.net.,,-1,,-1
mobilemaps-pa-gz.googleapis.com.,216.239.38.135,3341,216.239.38.135,3600
jsdelivr.net.,1.2.3.4,60,1.2.3.4,3141
mobileconfiguration-pa.googleapis.com.,"142.250.191.106, 142.250.191.138, 142.250.190.42, 172.217.5.10, 172.217.4.42, 142.251.34.234, 142.250.190.106, 172.217.4.74, 142.250.191.234, 142.250.191.170, 172.217.2.42, 142.251.32.10, 142.250.190.138, 142.250.190.74, 142.250.190.10, 142.250.191.202",300,"142.250.191.138, 142.250.190.10, 142.250.191.202, 142.250.190.42, 142.251.32.10, 142.250.190.138, 142.250.191.234, 142.250.191.170, 142.251.34.234, 142.250.190.106, 172.217.1.106, 172.217.4.202, 142.250.191.106, 142.250.190.74, 172.217.4.74, 172.217.5.10",300
zscaler.net.,,-1,,-1
omtrdc.net.,,-1,,-1
clarity.ms.,"52.173.199.90, 13.89.188.82",3600,"13.89.188.82, 52.173.199.90",3106
2mdn.net.,,-1,,-1
giphy.com.,"151.101.193.91, 151.101.1.91, 151.101.129.91, 151.101.65.91",3600,"151.101.193.91, 151.101.65.91, 151.101.129.91, 151.101.1.91",778
danaccess.net.,217.167.147.132,600,217.167.147.132,600
dmw.gov.ph.,202.69.191.77,14400,202.69.191.77,11445
heytapmobile.com.,,-1,,-1
susercontent.com.,,-1,,-1
oauth2.googleapis.com.,142.251.176.95,292,192.178.131.95,300
licdn.com.,,-1,,-1
live.net.,,-1,,-1
weather.com.,23.11.10.192,20,23.11.10.192,20
macys.net.,,-1,,-1
xiaomi.com.,124.251.34.141,600,124.251.34.141,600
casalemedia.com.,"104.18.26.193, 104.18.27.193",300,"104.18.27.193, 104.18.26.193",300
twitter.com.,172.66.0.227,300,162.159.140.229,122
voilatile-pa.googleapis.com.,"172.217.1.106, 142.251.32.10, 142.250.190.106, 142.250.191.170, 142.250.190.74, 172.217.4.202, 142.250.191.106, 142.250.190.138, 142.250.191.202, 142.250.190.42, 172.217.4.42, 142.250.191.138, 142.250.190.10, 142.250.191.234, 142.251.34.234",222,"142.250.191.106, 172.217.4.74, 142.250.190.74, 142.250.190.138, 142.250.191.138, 172.217.4.42, 172.217.2.42, 142.250.190.42, 142.250.191.202, 142.250.191.170, 142.250.190.106, 142.251.34.234, 142.251.32.10, 142.250.191.234, 142.250.190.10",300
msftauth.net.,,-1,,-1
amazon.com.,"98.82.161.185, 98.87.170.71, 98.87.170.74",493,"98.87.170.71, 98.87.170.74, 98.82.161.185",538
storage.googleapis.com.,"172.217.4.219, 142.250.191.187, 142.250.191.251, 172.217.5.27, 142.250.191.123, 172.217.1.123, 142.250.191.219, 172.217.4.59, 142.250.191.155, 142.250.190.59, 142.250.190.155, 172.217.4.91, 142.251.32.27, 172.217.2.59, 142.250.190.27, 142.251.34.251",277,"142.251.32.27, 142.250.190.91, 142.250.191.123, 142.250.191.187, 142.250.190.27, 142.250.191.155, 142.250.191.219, 142.250.191.251, 142.250.190.123, 172.217.5.27, 172.217.4.219, 172.217.4.91, 172.217.1.123, 142.250.190.155, 142.250.190.59, 142.251.34.251",300
jnn-pa.googleapis.com.,"142.251.32.10, 142.250.191.234, 142.250.190.74, 142.250.190.42, 142.250.190.138, 172.217.4.202, 142.250.191.170, 142.250.190.10, 142.251.34.234, 142.250.191.106, 172.217.1.106, 142.250.191.138, 172.217.5.10, 172.217.4.74, 142.250.190.106, 142.250.191.202",124,"142.251.34.234, 142.250.191.138, 142.250.190.74, 142.250.191.234, 172.217.1.106, 142.250.190.138, 142.251.32.10, 142.250.191.202, 142.250.190.42, 172.217.4.74, 142.250.191.106, 142.250.190.106, 142.250.190.10, 142.250.191.170",300
kghcustoms.com.,194.218.10.186,300,194.218.10.186,300
googlezip.net.,,-1,,-1
adobe.io.,"107.22.247.231, 18.207.85.246, 54.144.73.197, 34.193.227.236",60,"23.22.254.206, 52.5.13.197, 52.202.204.11, 54.227.187.23",42
tiktok.com.,"23.217.55.170, 23.217.55.197, 23.217.55.181",20,"23.217.55.197, 23.217.55.170, 23.217.55.181",20
network-auth.com.,,-1,,-1
adsafeprotected.com.,"3.162.163.88, 3.162.163.24, 3.162.163.127, 3.162.163.47",24,"18.154.101.97, 18.154.101.23, 18.154.101.105, 18.154.101.120",60
tpp.com.pe.,52.205.198.106,3600,52.205.198.106,3600
ibyteimg.com.,,-1,,-1
openx.net.,"34.98.64.218, 35.244.159.8",900,"35.244.159.8, 34.98.64.218",900
msftncsi.com.,,-1,,-1
photosdata-pa.googleapis.com.,"142.250.191.202, 172.217.2.42, 142.251.32.10, 142.250.191.106, 142.250.190.106, 172.217.4.74, 142.250.191.170, 172.217.5.10, 142.250.190.74, 142.250.190.10, 142.250.191.138, 142.250.191.234, 142.250.190.42, 142.250.190.138, 172.217.1.106",300,"172.217.4.42, 172.217.1.106, 172.217.5.10, 142.250.190.138, 142.250.191.234, 142.250.191.170, 172.217.2.42, 142.250.190.10, 172.217.4.202, 142.250.191.202, 142.250.190.74, 142.250.191.106, 142.251.32.10, 142.251.34.234, 142.250.190.106, 142.250.191.138",300
chatgpt.com.,"104.18.32.47, 172.64.155.209",180,"104.18.32.47, 172.64.155.209",300
geomobileservices-pa.googleapis.com.,"172.217.4.74, 142.250.191.138, 172.217.1.106, 142.250.191.170, 172.217.4.202, 142.250.191.202, 142.250.190.106, 142.251.32.10, 142.250.190.138, 142.251.34.234, 142.250.191.234, 172.217.2.42, 142.250.191.106, 142.250.190.74, 142.250.190.10, 142.250.190.42",261,"142.250.191.202, 172.217.4.42, 172.217.2.42, 142.250.190.10, 142.250.190.106, 142.250.190.42, 142.251.32.10, 142.250.190.138, 142.251.34.234, 142.250.191.234, 142.250.191.138, 142.250.190.74, 172.217.1.106, 142.250.191.106, 142.250.191.170, 172.217.4.202",300
heytapdl.com.,,-1,,-1
bidswitch.net.,34.160.122.192,120,34.160.122.192,120
smartadserver.com.,34.160.41.36,600,34.160.41.36,600
tiktokpangle.us.,,-1,,-1
trafficmanager.net.,,-1,,-1
baidu.com.,"110.242.74.102, 124.237.177.164, 111.63.65.33, 111.63.65.240",600,"111.63.65.240, 124.237.177.164, 110.242.74.102, 111.63.65.33",269
instantmessaging-pa.googleapis.com.,"216.239.34.223, 216.239.36.223, 216.239.32.223, 216.239.38.223",29,"216.239.34.223, 216.239.36.223, 216.239.38.223, 216.239.32.223",300
locationhistory-pa.googleapis.com.,"142.250.191.106, 142.250.190.138, 142.250.190.10, 172.217.5.10, 142.250.190.106, 142.250.191.138, 142.250.191.170, 172.217.4.42, 142.250.190.42, 142.251.32.10, 142.250.190.74, 172.217.2.42, 142.250.191.234, 142.250.191.202, 172.217.1.106",300,"142.250.190.42, 142.251.32.10, 172.217.4.202, 172.217.4.74, 172.217.2.42, 142.251.34.234, 142.250.191.202, 142.250.191.170, 172.217.4.42, 142.250.190.106, 142.250.190.138, 142.250.191.138, 142.250.191.234, 142.250.190.10, 142.250.190.74, 142.250.191.106",300
azure.net.,"20.76.201.171, 20.70.246.20, 20.236.44.162, 20.112.250.133, 20.231.239.246",3600,"20.76.201.171, 20.112.250.133, 20.236.44.162, 20.70.246.20, 20.231.239.246",2594
doubleverify.com.,"199.60.103.165, 199.60.103.65",900,"199.60.103.65, 199.60.103.165",191
capcutapi.com.,,-1,,-1
samsungapps.com.,213.71.30.154,300,213.71.30.154,300
amp-endpoint3.com.,,-1,,-1
creativecdn.com.,185.184.8.90,129,185.184.8.90,26
accountcapabilities-pa.googleapis.com.,"142.250.191.138, 142.250.190.138, 142.250.190.74, 142.250.190.10, 172.217.1.106, 142.251.32.10, 142.250.190.106, 172.217.4.74, 142.250.191.234, 172.217.4.42, 142.250.190.42, 142.250.191.106, 142.250.191.202, 142.250.191.170, 142.251.34.234",186,"142.250.190.138, 142.250.191.138, 142.250.190.74, 172.217.4.202, 142.250.191.170, 172.217.4.74, 172.217.1.106, 142.250.191.106, 142.250.190.10, 142.251.32.10, 172.217.2.42, 142.250.191.234, 172.217.4.42, 142.250.190.42, 142.251.34.234, 142.250.190.106",300
everesttech.net.,208.91.169.4,300,208.91.169.4,300
resolver.arpa.,,-1,,-1
3lift.com.,"99.84.203.115, 99.84.203.126, 99.84.203.58, 99.84.203.5",60,"99.84.203.5, 99.84.203.115, 99.84.203.58, 99.84.203.126",60
gmail.com.,142.250.190.101,264,142.250.191.197,300
amp-endpoint2.com.,,-1,,-1
cloudflareinsights.com.,"104.16.79.73, 104.16.80.73",300,"104.16.79.73, 104.16.80.73",300
aliyun.com.,"140.205.60.46, 106.11.248.146, 106.11.249.99, 106.11.172.9, 106.11.253.83, 140.205.135.3",300,"106.11.253.83, 140.205.60.46, 140.205.135.3, 106.11.248.146, 106.11.172.9, 106.11.249.99",300
msauth.net.,,-1,,-1
outbrain.com.,"151.101.130.132, 151.101.194.132, 151.101.66.132, 151.101.2.132",300,"151.101.66.132, 151.101.2.132, 151.101.194.132, 151.101.130.132",300
footprints-pa.googleapis.com.,"142.250.190.42, 142.250.191.170, 142.251.32.10, 142.250.190.138, 142.251.34.234, 172.217.1.106, 142.250.191.234, 172.217.4.74, 142.250.190.74, 142.250.190.10, 142.250.191.138, 142.250.190.106, 142.250.191.202, 172.217.5.10, 142.250.191.106",178,"172.217.4.202, 142.250.191.170, 142.250.191.106, 172.217.4.42, 142.250.191.234, 142.251.32.10, 142.250.190.10, 142.250.191.138, 172.217.1.106, 142.250.191.202, 142.250.190.74, 142.250.190.106, 172.217.4.74, 142.250.190.42, 142.251.34.234, 142.250.190.138",300
nr-data.net.,,-1,,-1
google.cn.,142.251.32.3,300,172.217.4.67,300
chromewebstore.googleapis.com.,"142.250.190.106, 172.217.4.74, 142.251.32.10, 172.217.1.106, 142.250.190.74, 142.250.190.10, 142.250.191.138, 172.217.5.10, 172.217.2.42, 172.217.4.42, 142.250.191.106, 142.250.191.170, 142.250.190.42, 142.250.191.202, 142.250.190.138, 142.251.34.234",300,"142.250.191.170, 172.217.4.42, 142.250.190.10, 142.250.190.74, 172.217.1.106, 172.217.5.10, 142.250.191.138, 142.250.191.106, 142.250.190.106, 142.250.190.42, 142.250.190.138, 142.250.191.234, 142.251.32.10, 142.250.191.202, 172.217.4.74",300
launchdarkly.com.,"3.33.186.135, 15.197.167.90",60,"3.33.186.135, 15.197.167.90",9
oneget.org.,104.43.254.102,3600,104.43.254.102,3267
passwordsleakcheck-pa.googleapis.com.,"142.250.191.234, 142.251.32.10, 142.250.191.106, 172.217.1.106, 142.250.190.138, 172.217.4.202, 142.250.191.138, 142.250.190.10, 142.250.190.106, 172.217.5.10, 142.250.191.202, 142.251.34.234, 142.250.191.170, 142.250.190.74, 172.217.4.42, 142.250.190.42",74,"142.250.190.138, 172.217.4.202, 142.251.34.234, 142.250.191.170, 142.250.190.106, 142.251.32.10, 142.250.191.138, 142.250.191.106, 142.250.190.10, 172.217.2.42, 142.250.191.202, 142.250.190.42, 142.250.190.74, 142.250.191.234",300
android-context-data.googleapis.com.,"142.251.34.234, 142.250.190.10, 142.250.191.234, 172.217.5.10, 142.250.190.42, 142.250.191.138, 142.250.191.170, 142.250.190.106, 142.250.191.202, 172.217.1.106, 142.250.190.74, 142.251.32.10, 142.250.191.106, 142.250.190.138",270,"142.250.190.42, 142.250.191.202, 172.217.5.10, 142.250.190.10, 142.251.32.10, 172.217.2.42, 142.250.191.106, 142.250.191.170, 142.251.34.234, 172.217.4.42, 142.250.190.138, 142.250.191.138, 172.217.1.106, 142.250.191.234, 172.217.4.74, 172.217.4.202",300
browser-intake-datadoghq.com.,"3.233.158.26, 3.233.158.24, 3.233.158.25",5,"3.233.158.111, 3.233.158.112, 3.233.158.114",31
nearbysharing-pa.googleapis.com.,"142.250.190.106, 142.250.191.138, 142.250.191.234, 172.217.4.202, 142.251.32.10, 142.250.191.170, 142.250.190.138, 172.217.4.74, 142.250.190.42, 172.217.2.42, 142.250.191.202, 172.217.4.42, 142.250.190.10, 142.250.191.106, 172.217.1.106, 142.251.34.234",133,"142.251.34.234, 172.217.4.74, 142.250.190.42, 142.250.190.10, 172.217.2.42, 172.217.4.202, 142.251.32.10, 142.250.191.202, 172.217.1.106, 142.250.191.234, 142.250.190.106, 142.250.190.138, 142.250.191.170, 142.250.191.138, 142.250.190.74, 142.250.191.106",300
media.net.,23.34.124.26,5,23.34.124.26,5
id5-sync.com.,"141.95.33.120, 162.19.138.118, 141.95.98.65, 162.19.138.119, 162.19.138.116, 141.95.98.64, 162.19.138.120, 162.19.138.82, 162.19.138.117, 162.19.138.83, 57.129.85.132",124,"141.95.98.65, 162.19.138.116, 162.19.138.118, 141.95.98.64, 162.19.138.119, 141.95.33.120, 162.19.138.83, 162.19.138.117, 162.19.138.82, 57.129.85.132, 162.19.138.120",300
criteo.net.,,-1,,-1
line-scdn.net.,,-1,,-1
miui.com.,124.251.100.193,600,124.251.100.193,600
onesignal.com.,"104.17.111.223, 104.16.160.145",300,"104.16.160.145, 104.17.111.223",300
qq.com.cn.,0.0.0.1,600,0.0.0.1,600
opera.com.,"185.26.182.104, 185.26.182.103",600,"185.26.182.104, 185.26.182.103",360
adjust.com.,76.76.21.21,3600,76.76.21.21,1513
teads.tv.,"3.251.49.224, 52.16.157.210, 34.255.42.71",60,"3.251.49.224, 34.255.42.71, 52.16.157.210",60
mtgglobals.com.,,-1,,-1
crwdcntrl.net.,"199.233.57.17, 199.233.57.20, 199.233.57.18, 199.233.57.16, 199.233.57.19, 199.233.57.21",1672,"199.233.57.16, 199.233.57.17, 199.233.57.19, 199.233.57.18, 199.233.57.21, 199.233.57.20",15894
allawnos.com.,,-1,,-1
rlcdn.com.,,-1,,-1
shopee.io.,,-1,,-1
alicdn.com.,"115.238.23.240, 140.205.77.240",300,"115.238.23.240, 140.205.77.240",300
deviceintegritytokens-pa.googleapis.com.,"172.217.2.42, 172.217.4.202, 142.250.190.106, 142.250.190.138, 142.250.191.202, 142.250.191.138, 172.217.4.42, 142.250.190.42, 142.250.190.74, 142.250.191.106, 142.250.190.10, 172.217.1.106, 142.250.191.234, 172.217.4.74, 142.250.191.170, 142.251.32.10",175,"142.251.32.10, 142.251.34.234, 142.250.190.74, 142.250.190.106, 142.250.191.106, 172.217.4.42, 142.250.191.202, 142.250.191.234, 142.250.191.170, 142.250.190.42, 142.250.190.138, 142.250.190.10, 142.250.191.138",300
360yield.com.,"52.51.2.235, 52.215.195.113, 52.49.186.77",60,"52.215.195.113, 52.49.186.77, 52.51.2.235",25
temu.com.,"151.101.66.58, 151.101.2.58",300,"151.101.2.58, 151.101.66.58",6
icloud-content.com.,17.253.142.4,3600,17.253.142.4,1463
msftstatic.com.,204.79.197.200,3600,204.79.197.200,3600
imasdk.googleapis.com.,142.250.190.106,66,142.250.191.202,300
moloco.com.,"99.83.190.102, 75.2.70.75",300,"75.2.70.75, 99.83.190.102",300
appsflyer.com.,"52.21.86.112, 54.224.150.238",60,"54.224.150.238, 52.21.86.112",60
adform.net.,"37.157.5.49, 37.157.5.86",300,"37.157.5.84, 37.157.5.132, 37.157.4.29, 37.157.5.87",300
yandex.net.,213.180.204.242,600,213.180.204.242,600
garena.com.,148.222.71.12,600,148.222.71.12,600
1rx.io.,,-1,,-1
userlocation.googleapis.com.,"142.250.190.106, 142.250.191.170, 142.251.32.10, 142.250.190.42, 172.217.4.42, 142.251.34.234, 172.217.2.42, 142.250.190.74, 142.250.190.138, 142.250.191.106, 142.250.191.138, 142.250.191.234, 172.217.4.202, 142.250.190.10, 142.250.191.202",86,"172.217.2.42, 142.250.190.42, 142.251.32.10, 142.250.191.106, 142.250.191.202, 142.250.191.170, 142.250.190.74, 142.250.190.106, 142.250.190.138, 142.250.191.138, 142.250.190.10, 172.217.4.42, 142.250.191.234, 142.251.34.234",300
safebrowsingohttpgateway.googleapis.com.,"142.251.34.234, 172.217.4.202, 142.250.191.234, 142.250.191.170, 142.251.32.10, 172.217.4.74, 142.250.190.74, 142.250.190.106, 142.250.190.138, 142.250.191.138, 142.250.190.10, 142.250.190.42, 142.250.191.106, 172.217.4.42, 142.250.191.202, 172.217.1.106",43,"142.250.190.138, 142.250.190.74, 142.250.191.170, 172.217.1.106, 142.251.32.10, 142.251.34.234, 172.217.4.74, 142.250.191.138, 172.217.2.42, 142.250.191.106, 142.250.191.234, 142.250.190.10, 142.250.190.42, 142.250.190.106, 142.250.191.202, 172.217.4.42",300
root-servers.net.,,-1,,-1
shopee.sg.,147.136.172.151,60,147.136.172.151,60
webex.com.,144.196.130.69,300,144.196.130.69,298
wbx2.com.,"13.59.223.205, 13.59.223.204, 13.59.223.207, 13.59.223.206",60,"13.59.223.206, 13.59.223.204, 13.59.223.205, 13.59.223.207",48
bugsnag.com.,"18.160.181.78, 18.160.181.118, 18.160.181.123, 18.160.181.69",60,"18.160.181.69, 18.160.181.78, 18.160.181.123, 18.160.181.118",60
quantserve.com.,"44.230.238.127, 54.214.172.129, 52.27.85.137",60,"52.27.85.137, 44.230.238.127, 54.214.172.129",59
s-microsoft.com.,,-1,,-1
tapad.com.,34.96.66.233,300,34.96.66.233,300
alipay.com.,"110.76.8.255, 110.75.130.45",600,"110.75.130.45, 110.76.8.255",537
go-mpulse.net.,,-1,,-1
mediatek.com.,60.250.184.101,30,219.87.28.83,30
wechat.com.,"43.155.124.49, 43.154.240.170",300,"43.154.240.170, 43.155.124.49",167
byteoversea.net.,,-1,,-1
byteglb.com.,,-1,,-1
searchlabspartnerservice-pa.googleapis.com.,"172.217.5.10, 172.217.4.74, 142.250.191.106, 172.217.2.42, 142.250.191.138, 142.250.190.74, 172.217.4.42, 142.250.190.106, 142.251.32.10, 142.251.34.234, 142.250.191.202, 172.217.4.202, 142.250.191.234, 172.217.1.106, 142.250.191.170, 142.250.190.138",297,"142.250.191.138, 142.250.190.138, 142.250.191.170, 172.217.4.202, 142.251.34.234, 142.250.190.42, 142.251.32.10, 142.250.191.106, 172.217.1.106, 142.250.190.10, 142.250.190.106, 142.250.190.74, 142.250.191.202, 142.250.191.234, 172.217.2.42",300
maps.googleapis.com.,"142.251.32.10, 142.250.191.202, 172.217.4.74, 142.250.190.10, 142.250.191.234, 142.250.190.74, 142.250.191.106, 172.217.5.10, 172.217.2.42, 142.250.190.138, 172.217.1.106, 142.250.190.106, 142.250.191.170, 172.217.4.202, 142.250.191.138, 142.251.34.234",52,"172.217.4.202, 142.250.190.42, 142.250.191.138, 142.250.191.170, 142.250.191.202, 142.250.190.74, 142.250.191.234, 142.250.190.138, 172.217.5.10, 142.251.34.234, 172.217.2.42, 142.250.190.106, 142.251.32.10, 142.250.191.106, 142.250.190.10",300
app-analytics-services-att.com.,142.250.190.142,101,142.250.191.174,300
csp.withgoogle.com.,142.250.191.241,299,142.250.190.17,300
ipify.org.,"104.26.12.205, 104.26.13.205, 172.67.74.152",300,"172.67.74.152, 104.26.13.205, 104.26.12.205",300
notifications-ueeshp-pa.googleapis.com.,"172.217.2.42, 172.217.4.202, 142.250.190.10, 172.217.1.106, 142.250.191.170, 172.217.5.10, 142.251.32.10, 142.250.190.74, 142.250.191.202, 142.250.190.42, 142.250.191.138, 142.251.34.234, 142.250.191.106, 172.217.4.74, 142.250.191.234, 142.250.190.106",63,"172.217.4.42, 142.250.190.138, 142.250.190.106, 172.217.1.106, 142.250.190.42, 142.250.190.10, 172.217.2.42, 142.250.191.234, 142.250.191.170, 142.250.191.202, 142.251.32.10, 172.217.4.202, 142.250.190.74, 142.251.34.234, 172.217.4.74, 172.217.5.10",300
locationhistoryplacedetails-pa.googleapis.com.,"142.250.191.234, 142.250.190.42, 142.250.191.202, 142.250.190.106, 142.250.190.138, 142.250.190.10, 142.250.191.138, 172.217.5.10, 172.217.4.42, 172.217.2.42, 142.250.190.74, 142.250.191.106, 172.217.1.106, 142.251.32.10, 142.251.34.234, 142.250.191.170",300,"142.250.191.106, 142.251.32.10, 142.250.190.74, 172.217.2.42, 142.250.191.202, 172.217.4.202, 142.250.190.138, 142.250.191.138, 172.217.5.10, 142.251.34.234, 142.250.190.10, 172.217.1.106, 142.250.190.42, 142.250.191.234, 142.250.191.170, 142.250.190.106",300
cookielaw.org.,"104.18.87.42, 104.18.86.42",300,"104.18.86.42, 104.18.87.42",300
aliyuncs.com.,106.15.148.44,300,106.15.148.44,300
33across.com.,151.101.194.159,60,151.101.194.159,60
pinterest.com.,"151.101.192.84, 151.101.0.84, 151.101.128.84, 151.101.64.84",600,"151.101.0.84, 151.101.128.84, 151.101.192.84, 151.101.64.84",161
sharethrough.com.,198.202.211.1,300,198.202.211.1,300
amplitude.com.,"76.223.69.48, 13.248.219.127",300,"13.248.219.127, 76.223.69.48",36
trustarc.com.,"141.193.213.20, 141.193.213.21",300,"141.193.213.20, 141.193.213.21",63
digitalassetlinks.googleapis.com.,"142.250.190.106, 172.217.4.202, 142.250.190.138, 142.250.191.106, 142.250.191.170, 142.250.190.74, 172.217.4.74, 142.250.191.234, 172.217.5.10, 142.250.191.138, 142.251.34.234, 142.251.32.10, 142.250.190.10, 142.250.191.202, 142.250.190.42, 172.217.2.42",193,"142.251.32.10, 142.250.190.10, 142.250.191.202, 142.250.191.170, 172.217.1.106, 172.217.4.74, 172.217.4.42, 142.250.190.138, 142.250.190.74, 142.250.190.106, 142.250.191.234, 142.250.190.42, 142.250.191.106, 142.251.34.234, 172.217.5.10, 142.250.191.138",300
edgesuite.net.,,-1,,-1
qualtrics.com.,"23.21.43.10, 50.17.152.14",20864,"50.17.152.14, 23.21.43.10",18877
lijit.com.,"13.249.141.30, 13.249.141.24, 13.249.141.9, 13.249.141.29",17,"13.226.251.48, 13.226.251.20, 13.226.251.120, 13.226.251.80",5
ttdns2.com.,,-1,,-1
semanticlocation-pa.googleapis.com.,"142.250.191.106, 172.217.4.42, 142.250.191.138, 142.250.191.170, 142.250.191.234, 172.217.2.42, 142.251.34.234, 172.217.4.74, 142.250.190.42, 142.250.191.202, 142.250.190.10, 172.217.1.106, 142.251.32.10, 172.217.4.202, 142.250.190.138, 142.250.190.106",54,"142.250.191.202, 142.250.190.106, 142.250.190.138, 142.250.190.42, 172.217.4.74, 142.250.191.106, 142.251.34.234, 142.250.190.10, 142.250.191.170, 142.250.191.138, 172.217.5.10, 172.217.2.42, 142.251.32.10, 142.250.190.74, 142.250.191.234",300
stackadapt.com.,34.204.55.14,300,34.204.55.14,300
federatedcompute-pa.googleapis.com.,"172.217.5.10, 142.250.191.138, 142.250.191.106, 142.251.34.234, 142.250.191.234, 142.250.190.106, 142.251.32.10, 172.217.1.106, 172.217.4.74, 142.250.190.10, 172.217.4.202, 142.250.190.42, 142.250.190.74, 142.250.191.202, 142.250.191.170, 142.250.190.138",227,"172.217.4.42, 142.250.190.74, 142.250.190.106, 142.250.191.170, 142.250.190.138, 142.250.191.202, 142.250.191.234, 142.250.190.42, 142.250.191.106, 142.251.34.234, 172.217.2.42, 172.217.5.10, 172.217.4.202, 142.250.191.138, 142.251.32.10, 142.250.190.10",300
samsungosp.com.,,-1,,-1
onenote.net.,"20.231.239.246, 20.236.44.162, 20.76.201.171, 20.70.246.20, 20.112.250.133",3600,"20.236.44.162, 20.76.201.171, 20.70.246.20, 20.231.239.246, 20.112.250.133",1574
androidplatformbackuprestore-pa.googleapis.com.,"142.250.190.74, 142.250.190.42, 142.250.190.138, 172.217.1.106, 142.250.190.106, 142.250.191.202, 172.217.4.202, 142.250.191.138, 142.251.34.234, 142.250.191.170, 142.250.190.10, 142.251.32.10, 142.250.191.106, 142.250.191.234",300,"142.250.190.138, 172.217.4.42, 142.250.191.202, 142.250.191.170, 172.217.5.10, 142.250.191.138, 142.250.191.106, 142.250.190.42, 172.217.1.106, 142.250.190.10, 142.250.191.234, 142.250.190.74, 142.251.32.10, 142.250.190.106",300
smaato.net.,,-1,,-1
pubsub.googleapis.com.,"142.250.191.106, 142.251.32.10, 142.250.191.138, 172.217.4.74, 142.250.191.202, 142.250.190.74, 172.217.1.106, 142.251.34.234, 142.250.190.42, 172.217.2.42, 172.217.5.10, 142.250.191.170, 172.217.4.202, 142.250.190.106, 142.250.191.234, 142.250.190.10",149,"172.217.1.106, 142.250.190.10, 172.217.2.42, 142.250.191.106, 142.250.190.138, 142.250.190.74, 172.217.5.10, 142.250.191.138, 142.250.190.42, 142.251.34.234, 142.250.191.170, 172.217.4.74, 142.250.191.234, 142.250.191.202, 142.251.32.10, 142.250.190.106",300
snapchat.com.,34.149.46.130,60,34.149.46.130,9
restrictedapps-pa.googleapis.com.,"172.217.2.42, 142.250.190.10, 142.250.190.42, 172.217.1.106, 142.251.32.10, 142.250.190.74, 142.250.191.234, 172.217.5.10, 142.250.191.170, 172.217.4.42, 172.217.4.74, 142.250.191.202, 142.250.190.138, 142.250.191.138, 142.250.190.106, 142.250.191.106",296,"142.250.190.106, 142.251.32.10, 142.250.191.138, 142.251.34.234, 142.250.190.42, 142.250.191.234, 142.250.191.106, 142.250.191.202, 142.250.190.138, 172.217.1.106, 142.250.191.170, 142.250.190.74, 142.250.190.10",300
force.com.,"23.1.35.132, 104.109.10.129, 184.31.3.130, 184.31.10.133, 23.1.99.130, 104.109.11.129, 184.25.179.132, 23.1.106.133",30,"184.31.10.133, 184.31.3.130, 23.1.35.132, 104.109.11.129, 23.1.106.133, 184.25.179.132, 104.109.10.129, 23.1.99.130",26
sc-gw.com.,,-1,,-1
newrelic.com.,"151.101.130.217, 151.101.194.217, 151.101.66.217, 151.101.2.217",3372,"151.101.66.217, 151.101.2.217, 151.101.194.217, 151.101.130.217",2364
dns.google.,"8.8.8.8, 8.8.4.4",43,"8.8.8.8, 8.8.4.4",524
xboxlive.com.,"20.231.239.246, 20.76.201.171, 20.70.246.20, 20.236.44.162, 20.112.250.133",3600,"20.76.201.171, 20.231.239.246, 20.112.250.133, 20.236.44.162, 20.70.246.20",3065
tiktokcdn-eu.com.,,-1,,-1
shopee.com.my.,147.136.175.194,60,147.136.175.194,60
dccnet.com.cn.,,-1,,-1
vivoglobal.com.,156.59.238.20,600,156.59.238.20,600
xiaomi.net.,"124.251.34.141, 183.84.7.241",600,"183.84.7.241, 124.251.34.141",600
agkn.com.,,-1,,-1
bytefcdn-oversea.com.,,-1,,-1
t-msedge.net.,,-1,,-1
yandex.ru.,"77.88.44.55, 5.255.255.77, 77.88.55.88",332,"77.88.44.55, 5.255.255.77, 77.88.55.88",39
alibabadns.com.,,-1,,-1
sharepointonline.com.,65.55.93.60,3600,65.55.93.60,2649
adobedc.net.,,-1,,-1
translate.googleapis.com.,142.251.32.10,96,142.251.34.234,300
snapkit.com.,"216.239.38.21, 216.239.36.21, 216.239.32.21, 216.239.34.21",300,"216.239.36.21, 216.239.32.21, 216.239.34.21, 216.239.38.21",300
dotomi.com.,"159.127.40.136, 159.127.43.8",300,"159.127.43.8, 159.127.40.136",300
voledevice-pa.googleapis.com.,"172.217.4.202, 172.217.4.42, 142.250.191.234, 172.217.5.10, 142.250.191.170, 142.251.34.234, 142.250.190.138, 172.217.2.42, 142.250.191.202, 142.250.190.42, 142.251.32.10, 142.250.190.74, 142.250.191.106, 142.250.190.106, 142.250.191.138, 142.250.190.10",300,"142.250.190.42, 142.251.32.10, 172.217.1.106, 172.217.5.10, 172.217.2.42, 142.250.191.170, 142.250.190.106, 172.217.4.42, 142.250.190.74, 142.251.34.234, 142.250.190.10, 142.250.191.138, 142.250.191.234, 142.250.190.138, 142.250.191.202, 142.250.191.106",300
phonedeviceverification-pa.googleapis.com.,"172.217.4.202, 142.251.32.10, 142.250.191.106, 142.250.190.106, 142.250.191.138, 142.250.190.10, 142.251.34.234, 142.250.191.170, 172.217.2.42, 142.250.191.202, 142.250.190.74, 142.250.190.138, 172.217.1.106, 142.250.191.234, 142.250.190.42",300,"172.217.2.42, 142.250.190.10, 142.251.32.10, 142.250.191.202, 142.250.191.138, 172.217.4.202, 142.250.190.138, 142.250.190.42, 142.250.190.74, 172.217.1.106, 142.251.34.234, 142.250.191.170, 142.250.190.106, 142.250.191.106, 142.250.191.234",300
ajax.googleapis.com.,142.250.191.170,53,172.217.2.42,300
meta.app.,34.202.175.143,600,34.202.175.143,600
translate-pa.googleapis.com.,"142.250.190.74, 142.251.34.234, 142.250.190.42, 142.250.190.138, 172.217.2.42, 142.250.191.170, 172.217.1.106, 142.250.190.106, 172.217.4.74, 142.250.191.106, 142.250.191.138, 142.250.191.234, 172.217.4.42, 142.250.190.10, 142.251.32.10, 142.250.191.202",96,"142.250.191.170, 172.217.4.42, 142.250.191.106, 142.250.190.42, 142.250.190.138, 142.250.190.106, 142.251.34.234, 142.250.190.74, 142.250.190.10, 142.251.32.10, 172.217.2.42, 142.250.191.202, 142.250.191.138, 172.217.1.106, 172.217.4.74, 142.250.191.234",300
braze.com.,"104.17.228.60, 104.17.227.60",300,"104.17.228.60, 104.17.227.60",97
cloudflare-dns.com.,"104.16.248.249, 104.16.249.249",193,"104.16.249.249, 104.16.248.249",300
messenger.com.,157.240.26.18,60,157.240.26.18,60
salesforce.com.,"184.25.179.132, 23.1.99.130, 23.1.106.133, 104.109.10.129, 184.31.3.130, 184.31.10.133, 104.109.11.129, 23.1.35.132",120,"184.31.3.130, 184.31.10.133, 184.25.179.132, 104.109.10.129, 23.1.99.130, 23.1.106.133, 23.1.35.132, 104.109.11.129",102
onetag-sys.com.,"51.222.39.185, 51.222.39.186, 51.222.39.184, 51.222.239.230, 51.222.239.232, 51.222.39.187",494,"51.222.39.187, 51.222.239.232, 51.222.39.184, 51.222.39.185, 51.222.39.186, 51.222.239.230",24
bidr.io.,,-1,,-1
microsoftonline.us.,,-1,,-1
pay-users-pa.googleapis.com.,192.178.157.92,300,142.251.182.92,300
zemanta.com.,23.11.19.110,30,23.194.170.228,30
mi.com.,"161.117.97.92, 161.117.94.231",600,"161.117.97.92, 161.117.94.231",600
jquery.com.,"104.18.155.119, 104.18.156.119",300,"104.18.156.119, 104.18.155.119",300
fbpigeon.com.,,-1,,-1
turn.com.,,-1,,-1
onetrust.com.,"104.18.32.137, 172.64.155.119",300,"172.64.155.119, 104.18.32.137",300
mixpanel.com.,34.117.152.135,300,34.117.152.135,161
reddit.com.,"151.101.1.140, 151.101.129.140, 151.101.193.140, 151.101.65.140",79,"151.101.193.140, 151.101.129.140, 151.101.65.140, 151.101.1.140",202
securitydomain-pa.googleapis.com.,"172.217.4.202, 172.217.2.42, 142.250.191.234, 172.217.5.10, 142.250.190.138, 142.250.191.138, 172.217.4.42, 142.251.32.10, 142.250.190.42, 142.250.191.170, 142.250.190.106, 142.250.190.10, 172.217.1.106, 142.250.191.106, 142.250.191.202, 142.250.190.74",105,"142.250.190.106, 142.250.190.138, 172.217.4.74, 142.250.191.138, 142.251.34.234, 142.250.191.202, 172.217.5.10, 172.217.1.106, 142.251.32.10, 142.250.191.234, 142.250.190.10, 142.250.191.170, 142.250.190.42, 172.217.2.42, 172.217.4.42, 142.250.191.106",300
zoom.us.,170.114.52.2,38,170.114.52.2,60
lamssettings-pa.googleapis.com.,"172.217.4.74, 142.250.191.138, 142.250.190.74, 142.250.190.106, 142.250.191.202, 172.217.4.42, 142.250.191.234, 172.217.4.202, 142.250.191.170, 142.250.190.138, 172.217.5.10, 172.217.2.42, 142.251.32.10, 142.250.190.10, 172.217.1.106, 142.250.190.42",300,"142.250.190.74, 142.250.191.138, 172.217.4.202, 142.250.190.42, 142.250.191.234, 142.250.191.170, 142.250.191.106, 142.250.190.10, 172.217.1.106, 142.251.32.10, 142.250.190.106, 142.251.34.234, 142.250.191.202, 172.217.5.10, 172.217.2.42, 172.217.4.42",300
atlassian.com.,"52.84.127.74, 52.84.127.98, 52.84.127.19, 52.84.127.90",60,"52.84.127.19, 52.84.127.74, 52.84.127.98, 52.84.127.90",60
inner-active.mobi.,"62.219.50.32, 54.225.119.21",3600,"62.219.50.32, 54.225.119.21",3600
stickyadstv.com.,51.255.169.33,300,51.255.169.33,300
qlivecdn.com.,,-1,,-1
xboxservices.com.,,-1,,-1
tiktokcdn-us.com.,,-1,,-1
growth-pa.googleapis.com.,"172.217.4.202, 142.250.190.10, 172.217.4.74, 142.250.191.170, 142.250.191.202, 142.250.191.234, 142.250.190.42, 142.250.190.106, 172.217.2.42, 142.250.191.138, 172.217.5.10, 142.250.190.138, 142.251.34.234, 142.250.191.106, 142.250.190.74, 142.251.32.10",99,"172.217.5.10, 142.250.191.138, 142.250.190.74, 142.250.191.170, 142.250.190.10, 142.250.190.138, 142.250.190.42, 142.250.191.106, 142.250.191.202, 172.217.4.202, 172.217.2.42, 142.250.191.234, 172.217.4.74, 142.251.34.234, 142.251.32.10, 142.250.190.106",300
a-mo.net.,"18.160.102.5, 18.160.102.128, 18.160.102.9, 18.160.102.64",60,"18.160.102.64, 18.160.102.128, 18.160.102.9, 18.160.102.5",60
ncca.mil.,,-1,,-1
samsungdm.com.,,-1,,-1
pinimg.com.,"151.101.64.84, 151.101.0.84, 151.101.128.84, 151.101.192.84",600,"151.101.64.84, 151.101.128.84, 151.101.0.84, 151.101.192.84",600
a2z.com.,,-1,,-1
yieldmo.com.,35.212.43.67,300,35.212.43.67,300
t.co.,172.66.0.227,900,162.159.140.229,347
fwmrm.net.,"99.83.195.29, 13.248.238.180",3600,"13.248.238.180, 99.83.195.29",2754
appier.net.,35.241.60.58,300,35.241.60.58,300
lazada.com.,"47.246.167.10, 47.246.165.39, 47.246.167.114, 47.246.167.254, 47.246.167.7, 47.246.165.110, 47.246.165.182, 47.246.165.111",300,"47.246.167.7, 47.246.165.39, 47.246.165.111, 47.246.167.114, 47.246.165.110, 47.246.167.10, 47.246.167.254, 47.246.165.182",300
unrulymedia.com.,"52.84.127.48, 52.84.127.17, 52.84.127.116, 52.84.127.80",60,"52.84.127.48, 52.84.127.80, 52.84.127.116, 52.84.127.17",60
line.me.,147.92.243.206,300,147.92.243.206,222
adsmoloco.com.,198.185.159.144,14400,198.185.159.144,13849
nist.gov.,"172.65.90.24, 172.65.90.25, 172.65.90.26, 172.65.90.27",300,"172.65.90.26, 172.65.90.25, 172.65.90.27, 172.65.90.24",300
hotjar.com.,"99.84.203.128, 99.84.203.6, 99.84.203.76, 99.84.203.110",60,"99.84.203.6, 99.84.203.76, 99.84.203.128, 99.84.203.110",60
mobilemaps.googleapis.com.,216.239.38.135,2225,216.239.38.135,3600
indexww.com.,"104.18.25.18, 104.18.24.18",300,"104.18.25.18, 104.18.24.18",300
addons-pa.googleapis.com.,"142.251.32.10, 142.250.190.10, 142.250.191.170, 172.217.1.106, 142.250.191.106, 142.250.191.234, 142.251.34.234, 142.250.190.42, 142.250.191.202, 142.250.191.138, 172.217.4.74, 172.217.5.10, 142.250.190.138, 142.250.190.74, 142.250.190.106",62,"142.250.191.170, 172.217.4.74, 142.251.32.10, 142.250.190.10, 172.217.2.42, 142.250.190.106, 142.250.191.106, 142.250.190.138, 172.217.5.10, 142.250.191.202, 142.250.190.74, 142.250.191.234, 142.250.190.42, 142.250.191.138, 172.217.1.106",300
admanmedia.com.,23.212.215.136,300,23.212.215.136,300
yammer.com.,13.107.6.159,1800,13.107.6.159,333
calendarpushsubscription-pa.googleapis.com.,"172.217.5.10, 142.250.190.74, 172.217.4.42, 142.250.191.202, 142.250.190.138, 172.217.1.106, 142.250.191.106, 142.250.190.10, 142.250.191.234, 172.217.2.42, 142.250.191.138, 142.250.190.42, 142.250.190.106, 142.250.191.170, 172.217.4.202, 172.217.4.74",300,"172.217.4.202, 142.250.191.138, 142.250.190.74, 142.250.190.10, 172.217.2.42, 142.250.190.42, 142.251.32.10, 142.250.191.202, 142.251.34.234, 142.250.190.138, 172.217.4.42, 142.250.190.106, 142.250.191.234, 142.250.191.170, 172.217.4.74, 142.250.191.106",300
tizen.org.,"52.84.127.43, 52.84.127.16, 52.84.127.128, 52.84.127.83",60,"52.84.127.128, 52.84.127.43, 52.84.127.83, 52.84.127.16",60
contextweb.com.,74.214.194.128,97,74.214.194.128,284
heytapmobi.com.,49.7.118.241,600,49.7.118.241,600
loopme.me.,35.206.149.249,60,35.206.149.249,60
nflxso.net.,,-1,,-1
usabilla.com.,"52.84.127.51, 52.84.127.104, 52.84.127.74, 52.84.127.78",60,"52.84.127.74, 52.84.127.78, 52.84.127.104, 52.84.127.51",60
edgekey.net.,,-1,,-1
twimg.com.,,-1,,-1
int08h.com.,"151.101.65.195, 151.101.1.195",300,"151.101.1.195, 151.101.65.195",300
locationhistoryaggregates-pa.googleapis.com.,"142.250.191.170, 172.217.5.10, 172.217.2.42, 142.250.191.138, 142.250.191.234, 172.217.4.74, 142.250.190.74, 142.250.190.106, 142.250.191.106, 142.251.32.10, 142.250.191.202, 142.250.190.10, 172.217.4.42, 172.217.4.202, 142.251.34.234, 142.250.190.42",300,"142.250.191.234, 142.250.190.10, 172.217.4.202, 142.250.191.106, 142.250.190.138, 142.250.191.202, 142.251.32.10, 172.217.4.74, 142.250.191.170, 142.250.190.74, 142.250.191.138, 142.251.34.234, 142.250.190.42, 172.217.1.106, 142.250.190.106, 172.217.5.10",300
globalsign.com.,"104.18.20.226, 104.18.21.226",51,"104.18.20.226, 104.18.21.226",51
speechs3proto2-pa.googleapis.com.,"142.250.190.42, 172.217.4.74, 142.250.191.106, 142.250.190.106, 142.250.190.74, 142.251.34.234, 142.250.191.202, 172.217.1.106, 142.250.191.170, 142.251.32.10, 142.250.190.10, 142.250.191.138, 172.217.4.202, 142.250.190.138, 142.250.191.234",300,"172.217.1.106, 142.250.190.10, 142.251.32.10, 142.250.190.42, 142.251.34.234, 142.250.190.138, 142.250.190.74, 142.250.191.234, 142.250.191.138, 142.250.191.106, 142.250.191.202, 142.250.191.170, 172.217.4.42, 142.250.190.106, 172.217.2.42",300
ndcpp-os.com.,,-1,,-1
liadm.com.,,-1,,-1
msn.cn.,204.79.197.235,3600,204.79.197.235,2404
omnitagjs.com.,,-1,,-1
avcdn.net.,,-1,,-1
presage.io.,217.70.184.55,10800,217.70.184.55,10224
ogads-pa.googleapis.com.,"172.217.4.74, 142.250.190.74, 172.217.2.42, 142.250.191.234, 142.251.32.10, 142.250.190.10, 142.250.191.106, 172.217.4.42, 142.250.191.170, 142.250.191.202, 142.251.34.234, 142.250.190.42, 142.250.190.106, 142.250.190.138, 142.250.191.138",35,"142.250.191.138, 172.217.1.106, 142.250.190.138, 142.250.190.106, 172.217.4.42, 142.251.34.234, 142.250.191.170, 142.250.191.106, 172.217.5.10, 142.250.190.74, 142.250.190.42, 142.251.32.10, 142.250.191.234, 142.250.191.202, 172.217.2.42, 142.250.190.10",300
eu-1-id5-sync.com.,"104.26.9.8, 172.67.75.89, 104.26.8.8",300,"172.67.75.89, 104.26.9.8, 104.26.8.8",300
securetoken.googleapis.com.,"142.251.34.234, 172.217.4.74, 142.250.191.234, 142.250.190.10, 142.250.191.170, 142.250.191.138, 142.251.32.10, 142.250.190.138, 172.217.4.202, 172.217.2.42, 142.250.191.106, 142.250.191.202, 142.250.190.42, 172.217.1.106, 142.250.190.106, 142.250.190.74",217,"142.250.191.234, 142.250.191.202, 172.217.1.106, 172.217.4.74, 142.251.32.10, 172.217.2.42, 142.250.190.42, 142.250.191.106, 172.217.4.202, 142.250.190.106, 172.217.4.42, 142.250.190.138, 142.251.34.234, 142.250.191.170, 142.250.191.138, 142.250.190.10",300
drivefrontend-pa.googleapis.com.,"172.217.4.42, 142.250.190.138, 142.250.190.10, 172.217.5.10, 172.217.1.106, 142.251.34.234, 142.250.190.106, 172.217.4.74, 142.251.32.10, 142.250.191.170, 172.217.4.202, 142.250.191.202, 142.250.190.74, 172.217.2.42, 142.250.190.42, 142.250.191.234",285,"172.217.2.42, 142.250.190.138, 172.217.1.106, 142.250.190.42, 142.250.191.202, 142.250.191.170, 142.250.190.106, 142.250.191.138, 142.250.191.106, 142.250.190.74, 142.250.190.10, 172.217.4.42, 142.250.191.234, 142.251.32.10, 142.251.34.234",300
typekit.net.,"216.146.46.11, 216.146.46.10",60,"216.146.46.10, 216.146.46.11",60
gsu.edu.,104.239.136.235,3600,104.239.136.235,3600
example.com.,"23.220.75.245, 23.192.228.80, 23.215.0.136, 23.215.0.138, 23.220.75.232, 23.192.228.84",300,"23.220.75.245, 23.215.0.138, 23.192.228.80, 23.215.0.136, 23.192.228.84, 23.220.75.232",199
mediago.io.,"35.85.93.41, 34.217.235.21, 44.238.106.102, 44.226.163.226",300,"35.85.93.41, 44.226.163.226, 34.217.235.21, 44.238.106.102",300
sitescout.com.,208.113.159.153,300,208.113.159.153,300
liftoff-creatives.io.,,-1,,-1
gvt3.com.,,-1,,-1
recaptcha.net.,142.250.191.195,300,142.250.191.227,300
scdn.co.,,-1,,-1
tiktokw.us.,,-1,,-1
oaistatic.com.,"104.18.41.158, 172.64.146.98",300,"172.64.146.98, 104.18.41.158",300
pure.cloud.,,-1,,-1
spotifycdn.com.,,-1,,-1
clienttracing-pa.googleapis.com.,"142.250.190.138, 142.250.190.10, 142.250.190.42, 172.217.4.74, 172.217.4.42, 142.250.190.106, 142.250.191.138, 142.250.191.202, 142.250.191.170, 172.217.4.202, 142.250.190.74, 142.251.34.234, 172.217.5.10, 142.250.191.234, 142.250.191.106, 172.217.1.106",300,"142.251.32.10, 142.250.191.202, 142.250.190.74, 142.250.191.138, 142.250.191.170, 142.250.190.138, 172.217.4.42, 172.217.4.74, 142.250.190.42, 172.217.2.42, 142.250.190.10, 172.217.4.202, 142.250.190.106, 142.251.34.234, 142.250.191.234, 142.250.191.106",300
readaloud.googleapis.com.,"142.251.34.234, 142.250.190.106, 172.217.1.106, 172.217.2.42, 142.250.191.106, 172.217.4.74, 142.250.190.138, 142.251.32.10, 142.250.190.74, 142.250.191.234, 142.250.191.170, 142.250.190.10, 142.250.191.202, 142.250.191.138, 142.250.190.42",22,"142.250.190.74, 142.250.190.106, 142.250.190.10, 142.250.191.138, 142.251.32.10, 172.217.5.10, 172.217.4.74, 142.250.191.106, 142.250.191.202, 172.217.4.202, 142.251.34.234, 142.250.190.42, 142.250.191.170, 172.217.4.42, 142.250.191.234, 172.217.2.42",300
bing.net.,204.79.197.200,3600,204.79.197.200,1764
yimg.com.,"13.248.158.7, 76.223.84.192",1200,"13.248.158.7, 76.223.84.192",1200
tiktokrow-cdn.com.,,-1,,-1
intercom.io.,"18.160.102.123, 18.160.102.103, 18.160.102.105, 18.160.102.120",60,"18.160.102.103, 18.160.102.105, 18.160.102.123, 18.160.102.120",60
firebaseinappmessaging.googleapis.com.,"142.251.34.234, 142.250.191.170, 142.250.190.10, 142.250.191.202, 142.250.191.138, 142.251.32.10, 142.250.191.106, 172.217.4.202, 142.250.190.42, 172.217.1.106, 172.217.4.74, 142.250.190.106, 142.250.190.138, 142.250.190.74, 142.250.191.234, 172.217.2.42",300,"142.251.34.234, 172.217.4.202, 142.250.190.42, 142.250.190.74, 142.250.191.202, 142.250.191.170, 172.217.2.42, 142.250.190.106, 172.217.4.42, 142.250.191.138, 142.250.191.106, 142.251.32.10, 142.250.190.10, 172.217.1.106, 142.250.191.234, 142.250.190.138",300
footprintdns.com.,,-1,,-1
sentinelone.net.,,-1,,-1
firestore.googleapis.com.,142.250.191.202,127,142.250.190.10,300
sectigo.com.,91.199.212.90,3600,91.199.212.90,920
roblox.com.,128.116.48.3,39,128.116.48.3,24
simpli.fi.,141.193.213.30,60,141.193.213.30,60
liftoff.io.,"141.193.213.21, 141.193.213.20",300,"141.193.213.20, 141.193.213.21",300
ln-msedge.net.,,-1,,-1
me.com.,17.253.142.4,300,17.253.142.4,300
unpkg.com.,"104.18.0.22, 104.18.1.22",105,"104.18.1.22, 104.18.0.22",300
shalltry.com.,"99.84.203.44, 99.84.203.125, 99.84.203.35, 99.84.203.85",60,"99.84.203.35, 99.84.203.44, 99.84.203.85, 99.84.203.125",60
yahoodns.net.,,-1,,-1
deepintent.com.,"141.193.213.20, 141.193.213.21",300,"141.193.213.21, 141.193.213.20",300
fb.com.,157.240.26.35,60,157.240.26.35,60
mozilla.org.,35.190.14.201,456,35.190.14.201,388
cdngslb.com.,115.238.23.241,300,115.238.23.241,300
avast.com.,23.209.61.95,20,23.209.61.95,20
rocket-cdn.com.,,-1,,-1
richaudience.com.,62.36.229.31,3600,62.36.229.31,3600
byteoversea.com.,,-1,,-1
ureca-lab.com.,,-1,,-1
clevertap-prod.com.,"3.166.118.113, 3.166.118.97, 3.166.118.42, 3.166.118.23",60,"3.166.118.97, 3.166.118.113, 3.166.118.42, 3.166.118.23",60
ondevicesafety-pa.googleapis.com.,"142.250.191.170, 142.251.34.234, 142.250.190.74, 142.250.191.138, 142.250.191.202, 142.250.190.138, 172.217.2.42, 142.250.190.42, 142.250.191.234, 172.217.1.106, 172.217.4.42, 142.250.191.106, 172.217.4.74, 142.251.32.10, 142.250.190.10, 142.250.190.106",24,"172.217.1.106, 172.217.2.42, 172.217.4.42, 172.217.4.74, 172.217.4.202, 142.251.32.10, 142.250.191.138, 142.250.190.42, 142.250.190.10, 142.250.190.74, 142.250.190.106, 142.250.191.106, 142.250.190.138, 142.250.191.170, 142.250.191.234, 142.250.191.202",300
adkernel.com.,"141.193.213.11, 141.193.213.10",1662,"141.193.213.11, 141.193.213.10",18923
cisco.com.,72.163.4.185,1800,72.163.4.185,879
tencent-cloud.net.,0.0.0.1,300,0.0.0.1,300
wikipedia.org.,208.80.154.224,180,208.80.154.224,180
myqcloud.com.,0.0.0.1,3600,0.0.0.1,3600
bytedance.map.fastly.net.,151.101.150.73,50,199.232.74.73,60
asjo.org.,212.237.178.116,3600,212.237.178.116,3600
ttlivecdn.com.,,-1,,-1
google.us.,142.251.32.4,300,142.250.191.100,300
google.com.hk.,142.250.191.131,300,142.250.190.35,300
content-storage-upload.googleapis.com.,"192.178.214.207, 142.250.123.207, 142.251.165.207, 142.251.185.207, 74.125.129.207, 142.251.166.207, 192.178.153.207, 142.250.111.207, 142.250.112.207, 192.178.130.207, 192.178.131.207, 192.178.157.207, 142.251.4.207, 192.178.154.207, 172.217.68.207, 142.251.176.207",300,"142.250.111.207, 142.251.166.207, 192.178.130.207, 74.125.129.207, 142.251.185.207, 192.178.154.207, 142.251.4.207, 142.251.165.207, 142.251.176.207, 172.217.68.207, 192.178.157.207, 192.178.153.207, 142.250.112.207, 142.250.123.207, 142.251.182.207, 192.178.214.207",300
visualstudio.com.,"150.171.74.16, 150.171.73.16",3600,"150.171.73.16, 150.171.74.16",3315
instantmessaging-pa-jms-us.googleapis.com.,216.239.36.158,86,216.239.36.158,300
seedtag.com.,34.140.37.23,300,34.140.37.23,300
decibelinsight.net.,,-1,,-1
spotxchange.com.,"198.54.12.134, 198.54.12.133",600,,-1
lazcdn.com.,,-1,,-1
yellowblue.io.,,-1,,-1
gos-gsp.io.,,-1,,-1
androidpay-users-pa.googleapis.com.,142.251.182.92,300,74.125.129.92,300
microsoft365.com.,13.107.6.156,300,13.107.6.156,235
ovscdns.com.,,-1,,-1
gumgum.com.,"3.166.118.50, 3.166.118.14, 3.166.118.4, 3.166.118.107",54,"3.166.118.107, 3.166.118.14, 3.166.118.4, 3.166.118.50",60
rfihub.com.,,-1,,-1
cloudfront.net.,,-1,,-1
mfadsrvr.com.,35.170.8.51,300,35.170.8.51,300
alibaba.com.,"47.246.131.198, 47.246.136.156, 47.246.136.52, 47.246.137.105",120,"47.246.131.198, 47.246.137.105, 47.246.136.52, 47.246.136.156",120
ipredictive.com.,,-1,,-1
ibytedtos.com.,,-1,,-1
optimizely.com.,217.114.94.2,300,217.114.94.2,300
aadrm.com.,,-1,,-1
connatix.com.,"52.84.127.40, 52.84.127.80, 52.84.127.13, 52.84.127.106",60,"52.84.127.106, 52.84.127.80, 52.84.127.40, 52.84.127.13",60
feedback-pa.googleapis.com.,"172.217.5.10, 172.217.2.42, 142.250.190.42, 142.250.190.10, 142.251.32.10, 142.250.191.138, 142.250.191.202, 142.250.191.234, 142.250.191.170, 142.250.190.138, 142.250.190.74, 142.250.191.106, 172.217.1.106, 142.251.34.234, 142.250.190.106, 172.217.4.74",37,"142.251.32.10, 142.250.190.106, 142.250.191.106, 172.217.5.10, 142.250.191.170, 172.217.2.42, 142.250.191.234, 142.250.190.74, 142.251.34.234, 142.250.190.42, 172.217.1.106, 142.250.191.202, 172.217.4.74, 142.250.190.10, 142.250.191.138, 142.250.190.138",300
4dex.io.,,-1,,-1
fontawesome.com.,104.18.22.52,300,104.18.22.52,37
shopee.co.th.,147.136.180.128,60,147.136.172.149,60
amazontrust.com.,"18.160.181.72, 18.160.181.46, 18.160.181.11, 18.160.181.18",60,"18.160.181.72, 18.160.181.18, 18.160.181.46, 18.160.181.11",60
photos.googleapis.com.,"142.250.190.10, 142.250.191.106, 172.217.4.74, 172.217.4.202, 142.251.32.10, 142.250.191.202, 142.250.190.138, 172.217.4.42, 142.250.191.138, 172.217.2.42, 142.250.190.106, 142.250.190.42, 142.250.190.74, 142.250.191.170, 142.250.191.234",206,"142.251.32.10, 172.217.5.10, 142.250.191.170, 172.217.4.74, 142.250.190.10, 142.250.190.138, 142.250.191.202, 142.250.190.74, 142.250.190.42, 172.217.2.42, 172.217.1.106, 142.250.191.234, 142.250.191.138, 172.217.4.202, 142.250.191.106, 142.250.190.106",300
hpdaas.com.,"52.92.136.243, 52.92.178.147, 3.5.85.202, 52.92.250.3, 52.218.247.58, 52.218.221.130, 3.5.79.38, 3.5.87.237",5,"3.5.85.54, 52.92.176.171, 52.92.248.179, 52.218.213.66, 52.92.237.187, 52.92.205.83, 52.92.144.147, 52.92.193.251",5
google.com.br.,142.251.34.227,300,142.251.34.227,300
mcafee.com.,100.20.214.93,300,100.20.214.93,139
mookie1.com.,"23.217.55.175, 23.217.55.194",20,"23.217.55.13, 23.217.55.16",20
postrelease.com.,52.36.224.135,60,52.36.224.135,39
tremorhub.com.,"18.160.181.60, 18.160.181.15, 18.160.181.96, 18.160.181.35",60,"18.160.181.35, 18.160.181.60, 18.160.181.96, 18.160.181.15",60
grammarly.com.,"99.84.203.59, 99.84.203.125, 99.84.203.33, 99.84.203.84",60,"99.84.203.125, 99.84.203.84, 99.84.203.33, 99.84.203.59",60
mathtag.com.,,-1,,-1
adgrx.com.,,-1,,-1
microsoftpersonalcontent.com.,,-1,,-1
amazon.dev.,,-1,,-1
tiqcdn.com.,,-1,,-1
singular.net.,"141.193.213.10, 141.193.213.11",60,"141.193.213.10, 141.193.213.11",29
dynatrace.com.,"35.168.93.157, 52.86.208.141",3600,"35.168.93.157, 52.86.208.141",3011
ads-twitter.com.,,-1,,-1
mozilla.com.,35.190.14.201,600,35.190.14.201,113
